{
  "frac_pos": [
    0.0,
    0.0,
    0.3,
    0.42857142857142855,
    0.3333333333333333,
    1.0,
    1.0,
    1.0,
    1.0,
    1.0
  ],
  "mean_pred": [
    0.02676548016208921,
    0.13450296762077574,
    0.2546206986917549,
    0.33906595358522434,
    0.40234234469252894,
    0.5497076710584228,
    0.6607332332345386,
    0.7557847560469575,
    0.8679456585285743,
    0.979118240970988
  ]
}