{
  "frac_pos": [
    0.0,
    0.0,
    0.25,
    0.5,
    0.5,
    0.6666666666666666,
    1.0,
    1.0,
    1.0,
    1.0
  ],
  "mean_pred": [
    0.08363483803303605,
    0.1534475682772438,
    0.2502075043602245,
    0.36041609814504305,
    0.44031346917494907,
    0.5458198696470474,
    0.6687442529557108,
    0.7458049441111635,
    0.8664000507839404,
    0.915700341759896
  ]
}