{
  "frac_pos": [
    0.0,
    0.125,
    0.0,
    0.42857142857142855,
    1.0,
    1.0,
    1.0,
    1.0,
    1.0,
    1.0
  ],
  "mean_pred": [
    0.04766365930684814,
    0.15331933744242535,
    0.26562322606285,
    0.35926374235542086,
    0.42243558605117826,
    0.5866765139852315,
    0.6765208684506921,
    0.7187500717635565,
    0.8705327439703454,
    0.9634918906092845
  ]
}