{
  "frac_pos": [
    0.0,
    0.0,
    0.0,
    0.6,
    0.5714285714285714,
    0.6666666666666666,
    1.0,
    1.0,
    1.0,
    1.0
  ],
  "mean_pred": [
    0.04433580213299772,
    0.15593827088059728,
    0.25205415749371624,
    0.33735879241286143,
    0.45673943464896133,
    0.5573998671940944,
    0.6666745720068867,
    0.7458023884412087,
    0.8517476522482835,
    0.9438121676855256
  ]
}