{
  "frac_pos": [
    0.0,
    0.07142857142857142,
    0.18181818181818182,
    1.0,
    1.0,
    1.0,
    1.0,
    1.0,
    1.0
  ],
  "mean_pred": [
    0.02945747470046107,
    0.13331632653061223,
    0.26770091484977687,
    0.315497062811363,
    0.5169716533642987,
    0.673125544544729,
    0.7616955907282434,
    0.8423431028072219,
    0.9687126434878185
  ]
}