{
  "frac_pos": [
    0.0,
    0.09090909090909091,
    0.0,
    0.3,
    1.0,
    1.0,
    1.0,
    1.0,
    1.0,
    1.0
  ],
  "mean_pred": [
    0.07556606592977043,
    0.13605489060212364,
    0.23724619921482917,
    0.3465667005597296,
    0.4400890429040227,
    0.561694032943947,
    0.6215631233803769,
    0.7628161665089598,
    0.8544516623986383,
    0.9404750495404802
  ]
}