{
  "frac_pos": [
    0.02,
    0.3076923076923077,
    0.16666666666666666,
    0.5161290322580645,
    0.5555555555555556,
    0.2,
    0.4,
    0.75,
    0.7,
    1.0
  ],
  "mean_pred": [
    0.02105864508277896,
    0.14349236642147167,
    0.2402938719347388,
    0.3503882683766602,
    0.44122702416397575,
    0.5244228725973148,
    0.6620387063072884,
    0.7488208120501838,
    0.8514010131955023,
    0.9431625303273141
  ]
}