{
  "frac_pos": [
    0.05,
    0.14814814814814814,
    0.38461538461538464,
    0.46153846153846156,
    0.42857142857142855,
    0.5,
    0.6428571428571429,
    0.7142857142857143,
    0.7777777777777778
  ],
  "mean_pred": [
    0.07928952887062832,
    0.13749766457267001,
    0.24734573079037164,
    0.3567222700948212,
    0.452142853286681,
    0.544046423894284,
    0.6630312178357782,
    0.7560640709632512,
    0.8274946365904621
  ]
}