{
  "frac_pos": [
    0.029411764705882353,
    0.15625,
    0.3333333333333333,
    0.5238095238095238,
    0.5833333333333334,
    0.125,
    0.6666666666666666,
    0.75,
    0.6363636363636364,
    1.0
  ],
  "mean_pred": [
    0.05940145588831861,
    0.1450833615262064,
    0.2544842000018754,
    0.3480195469599901,
    0.46139657253698,
    0.5642700709015933,
    0.6539886390039737,
    0.7495989964910037,
    0.8491632006455471,
    0.9424112154664103
  ]
}