{
  "frac_pos": [
    0.05128205128205128,
    0.18181818181818182,
    0.125,
    0.4375,
    0.2857142857142857,
    0.5294117647058824,
    0.6363636363636364,
    0.6666666666666666,
    0.8181818181818182,
    1.0
  ],
  "mean_pred": [
    0.045791300980189124,
    0.14581327850728548,
    0.2374868181008203,
    0.34397516498175484,
    0.4478912389418498,
    0.5424062941355523,
    0.6573528332893842,
    0.749448385507082,
    0.8524687398544383,
    0.9028787918397156
  ]
}