{
  "frac_pos": [
    0.043478260869565216,
    0.23809523809523808,
    0.2,
    0.4,
    0.5,
    0.5,
    0.6923076923076923,
    0.6153846153846154,
    0.7777777777777778,
    1.0
  ],
  "mean_pred": [
    0.0274125583578498,
    0.1478507196575126,
    0.2661711827887312,
    0.3560690925021094,
    0.4483046500502968,
    0.5495460525674056,
    0.6551037273814188,
    0.7396215921967726,
    0.8480300653805877,
    0.9223665223665224
  ]
}