{
  "frac_pos": [
    0.04,
    0.0,
    0.3125,
    0.3333333333333333,
    0.4375,
    0.6363636363636364,
    0.5,
    0.3,
    0.75,
    0.6875
  ],
  "mean_pred": [
    0.06508478379812045,
    0.15331613133249927,
    0.24357515470676266,
    0.35923680011340003,
    0.45633176622038873,
    0.5474247613011285,
    0.6413346802832732,
    0.7520837602143147,
    0.8503869625542195,
    0.9411832496743735
  ]
}